{
  "$schema": "./node_modules/@nrwl/schematics/src/schema.json",
  "project": {
    "name": "PROJECT_NAME_TO_CHANGE",
    "npmScope": "PROJECT_SCOPE_TO_CHANGE",
    "latestMigration": "20180328-add-nx-lint"
  },
  "e2e": {
    "protractor": {
      "config": "./protractor.conf.js"
    }
  },
  "lint": [
    {
      "project": "./tsconfig.spec.json",
      "exclude": "**/node_modules/**"
    },
    {
      "project": "apps/empty/src/tsconfig.app.json",
      "exclude": "**/node_modules/**"
    },
    {
      "project": "apps/empty/e2e/tsconfig.e2e.json",
      "exclude": "**/node_modules/**"
    }
  ],
  "test": {
    "karma": {
      "config": "./karma.conf.js"
    }
  },
  "apps": [
    {
      "name": "empty",
      "root": "apps/empty/src",
      "outDir": "dist/apps/empty",
      "assets": [
        "assets",
        "favicon.ico"
      ],
      "index": "index.html",
      "main": "main.ts",
      "polyfills": "polyfills.ts",
      "test": "../../../test.js",
      "tsconfig": "tsconfig.app.json",
      "testTsconfig": "../../../tsconfig.spec.json",
      "prefix": "app",
      "styles": [
        "styles.css"
      ],
      "scripts": [],
      "environmentSource": "environments/environment.ts",
      "environments": {
        "dev": "environments/environment.ts",
        "prod": "environments/environment.prod.ts"
      },
      "tags": []
    },
    {
      "name": "$workspaceRoot",
      "root": ".",
      "appRoot": ""
    }
  ],
  "defaults": {
    "schematics": {
      "collection": "@nrwl/schematics"
    },
    "styleExt": "css",
    "component": {}
  },
  "warnings": {
    "typescriptMismatch": false
  }
}
