{"moduleName":null,"summaries":[{"symbol":{"__symbol":0,"members":[]},"metadata":{"__symbol":1,"members":[]}},{"symbol":{"__symbol":2,"members":[]},"metadata":{"__symbol":3,"members":[]}}],"symbols":[{"__symbol":0,"name":"EcaPortalComponent","filePath":"./public_api"},{"__symbol":1,"name":"EcaPortalComponent","filePath":"./apps/empty/src/app/modules/eca-portal/eca-portal.component"},{"__symbol":2,"name":"EcaPortalModule","filePath":"./public_api"},{"__symbol":3,"name":"EcaPortalModule","filePath":"./apps/empty/src/app/modules/eca-portal/eca-portal.module"}]}