[{"__symbolic":"module","version":4,"metadata":{"AppModule":{"__symbolic":"class","decorators":[{"__symbolic":"call","expression":{"__symbolic":"reference","module":"@angular/core","name":"NgModule","line":6,"character":1},"arguments":[{"imports":[{"__symbolic":"reference","module":"@angular/platform-browser","name":"BrowserModule","line":7,"character":12},{"__symbolic":"reference","module":"./modules/eca-portal/eca-portal.module","name":"EcaPortalModule","line":7,"character":27},{"__symbolic":"call","expression":{"__symbolic":"select","expression":{"__symbolic":"reference","module":"@nrwl/nx","name":"NxModule","line":7,"character":44},"member":"forRoot"}}],"declarations":[{"__symbolic":"reference","module":"./app.component","name":"AppComponent","line":8,"character":17}],"bootstrap":[{"__symbolic":"reference","module":"./app.component","name":"AppComponent","line":9,"character":14}]}]}]}}}]