{"moduleName":null,"summaries":[{"symbol":{"__symbol":0,"members":[]},"metadata":{"__symbolic":"class"},"type":{"summaryKind":2,"type":{"reference":{"__symbol":0,"members":[]},"diDeps":[],"lifecycleHooks":[]},"entryComponents":[{"componentType":{"__symbol":1,"members":[]},"componentFactory":{"__symbol":2,"members":[]}}],"providers":[{"provider":{"token":{"identifier":{"reference":{"__symbol":3,"members":[]}}},"useClass":{"reference":{"__symbol":4,"members":[]},"diDeps":[{"isAttribute":false,"isHost":false,"isSelf":false,"isSkipSelf":false,"isOptional":false,"token":{"identifier":{"reference":{"__symbol":5,"members":[]}}}},{"isAttribute":false,"isHost":false,"isSelf":false,"isSkipSelf":false,"isOptional":true,"token":{"identifier":{"reference":{"__symbol":6,"members":[]}}}}],"lifecycleHooks":[]},"useFactory":null,"deps":[{"isAttribute":false,"isHost":false,"isSelf":false,"isSkipSelf":false,"isOptional":false,"token":{"identifier":{"reference":{"__symbol":5,"members":[]}}}},{"isAttribute":false,"isHost":false,"isSelf":false,"isSkipSelf":false,"isOptional":true,"token":{"identifier":{"reference":{"__symbol":6,"members":[]}}}}],"multi":false},"module":{"reference":{"__symbol":7,"members":[]},"diDeps":[],"lifecycleHooks":[]}},{"provider":{"token":{"identifier":{"reference":{"__symbol":8,"members":[]},"diDeps":[{"isAttribute":false,"isHost":false,"isSelf":false,"isSkipSelf":false,"isOptional":false,"token":{"identifier":{"reference":{"__symbol":9,"members":[]}}}},{"isAttribute":false,"isHost":false,"isSelf":false,"isSkipSelf":false,"isOptional":false,"token":{"identifier":{"reference":{"__symbol":10,"members":[]}}}},{"isAttribute":false,"isHost":false,"isSelf":false,"isSkipSelf":false,"isOptional":false,"token":{"identifier":{"reference":{"__symbol":11,"members":[]}}}},{"isAttribute":false,"isHost":false,"isSelf":false,"isSkipSelf":false,"isOptional":false,"token":{"identifier":{"reference":{"__symbol":12,"members":[]}}}},{"isAttribute":false,"isHost":false,"isSelf":false,"isSkipSelf":false,"isOptional":false,"token":{"identifier":{"reference":{"__symbol":13,"members":[]}}}},{"isAttribute":false,"isHost":false,"isSelf":false,"isSkipSelf":false,"isOptional":false,"token":{"identifier":{"reference":{"__symbol":14,"members":[]}}}}],"lifecycleHooks":[1]}},"useClass":{"reference":{"__symbol":8,"members":[]},"diDeps":[{"isAttribute":false,"isHost":false,"isSelf":false,"isSkipSelf":false,"isOptional":false,"token":{"identifier":{"reference":{"__symbol":9,"members":[]}}}},{"isAttribute":false,"isHost":false,"isSelf":false,"isSkipSelf":false,"isOptional":false,"token":{"identifier":{"reference":{"__symbol":10,"members":[]}}}},{"isAttribute":false,"isHost":false,"isSelf":false,"isSkipSelf":false,"isOptional":false,"token":{"identifier":{"reference":{"__symbol":11,"members":[]}}}},{"isAttribute":false,"isHost":false,"isSelf":false,"isSkipSelf":false,"isOptional":false,"token":{"identifier":{"reference":{"__symbol":12,"members":[]}}}},{"isAttribute":false,"isHost":false,"isSelf":false,"isSkipSelf":false,"isOptional":false,"token":{"identifier":{"reference":{"__symbol":13,"members":[]}}}},{"isAttribute":false,"isHost":false,"isSelf":false,"isSkipSelf":false,"isOptional":false,"token":{"identifier":{"reference":{"__symbol":14,"members":[]}}}}],"lifecycleHooks":[1]},"useFactory":null,"deps":[{"isAttribute":false,"isHost":false,"isSelf":false,"isSkipSelf":false,"isOptional":false,"token":{"identifier":{"reference":{"__symbol":9,"members":[]}}}},{"isAttribute":false,"isHost":false,"isSelf":false,"isSkipSelf":false,"isOptional":false,"token":{"identifier":{"reference":{"__symbol":10,"members":[]}}}},{"isAttribute":false,"isHost":false,"isSelf":false,"isSkipSelf":false,"isOptional":false,"token":{"identifier":{"reference":{"__symbol":11,"members":[]}}}},{"isAttribute":false,"isHost":false,"isSelf":false,"isSkipSelf":false,"isOptional":false,"token":{"identifier":{"reference":{"__symbol":12,"members":[]}}}},{"isAttribute":false,"isHost":false,"isSelf":false,"isSkipSelf":false,"isOptional":false,"token":{"identifier":{"reference":{"__symbol":13,"members":[]}}}},{"isAttribute":false,"isHost":false,"isSelf":false,"isSkipSelf":false,"isOptional":false,"token":{"identifier":{"reference":{"__symbol":14,"members":[]}}}}],"multi":false},"module":{"reference":{"__symbol":15,"members":[]},"diDeps":[{"isAttribute":false,"isHost":false,"isSelf":false,"isSkipSelf":false,"isOptional":false,"token":{"identifier":{"reference":{"__symbol":8,"members":[]}}}}],"lifecycleHooks":[]}},{"provider":{"token":{"identifier":{"reference":{"__symbol":14,"members":[]},"diDeps":[{"isAttribute":false,"isHost":false,"isSelf":false,"isSkipSelf":false,"isOptional":true,"token":{"identifier":{"reference":{"__symbol":16,"members":[]}}}}],"lifecycleHooks":[]}},"useClass":{"reference":{"__symbol":14,"members":[]},"diDeps":[{"isAttribute":false,"isHost":false,"isSelf":false,"isSkipSelf":false,"isOptional":true,"token":{"identifier":{"reference":{"__symbol":16,"members":[]}}}}],"lifecycleHooks":[]},"useFactory":null,"deps":[{"isAttribute":false,"isHost":false,"isSelf":false,"isSkipSelf":false,"isOptional":true,"token":{"identifier":{"reference":{"__symbol":16,"members":[]}}}}],"multi":false},"module":{"reference":{"__symbol":15,"members":[]},"diDeps":[{"isAttribute":false,"isHost":false,"isSelf":false,"isSkipSelf":false,"isOptional":false,"token":{"identifier":{"reference":{"__symbol":8,"members":[]}}}}],"lifecycleHooks":[]}},{"provider":{"token":{"identifier":{"reference":{"__symbol":17,"members":[]},"diDeps":[],"lifecycleHooks":[]}},"useClass":{"reference":{"__symbol":17,"members":[]},"diDeps":[],"lifecycleHooks":[]},"useFactory":null,"deps":[],"multi":false},"module":{"reference":{"__symbol":15,"members":[]},"diDeps":[{"isAttribute":false,"isHost":false,"isSelf":false,"isSkipSelf":false,"isOptional":false,"token":{"identifier":{"reference":{"__symbol":8,"members":[]}}}}],"lifecycleHooks":[]}},{"provider":{"token":{"identifier":{"reference":{"__symbol":18,"members":[]}}},"useClass":null,"useFactory":{"reference":{"__symbol":19,"members":[]},"diDeps":[]},"deps":[],"multi":false},"module":{"reference":{"__symbol":15,"members":[]},"diDeps":[{"isAttribute":false,"isHost":false,"isSelf":false,"isSkipSelf":false,"isOptional":false,"token":{"identifier":{"reference":{"__symbol":8,"members":[]}}}}],"lifecycleHooks":[]}},{"provider":{"token":{"identifier":{"reference":{"__symbol":20,"members":[]}}},"useClass":null,"useFactory":{"reference":{"__symbol":21,"members":[]},"diDeps":[]},"deps":[],"multi":false},"module":{"reference":{"__symbol":15,"members":[]},"diDeps":[{"isAttribute":false,"isHost":false,"isSelf":false,"isSkipSelf":false,"isOptional":false,"token":{"identifier":{"reference":{"__symbol":8,"members":[]}}}}],"lifecycleHooks":[]}},{"provider":{"token":{"identifier":{"reference":{"__symbol":22,"members":[]}}},"useClass":null,"useFactory":{"reference":{"__symbol":23,"members":[]},"diDeps":[]},"deps":[],"multi":false},"module":{"reference":{"__symbol":15,"members":[]},"diDeps":[{"isAttribute":false,"isHost":false,"isSelf":false,"isSkipSelf":false,"isOptional":false,"token":{"identifier":{"reference":{"__symbol":8,"members":[]}}}}],"lifecycleHooks":[]}},{"provider":{"token":{"identifier":{"reference":{"__symbol":5,"members":[]}}},"useClass":null,"useFactory":{"reference":{"__symbol":24,"members":[]},"diDeps":[{"isAttribute":false,"isHost":false,"isSelf":false,"isSkipSelf":true,"isOptional":true,"token":{"identifier":{"reference":{"__symbol":5,"members":[]}}}}]},"deps":[{"isAttribute":false,"isHost":false,"isSelf":false,"isSkipSelf":true,"isOptional":true,"token":{"identifier":{"reference":{"__symbol":5,"members":[]}}}}],"multi":false},"module":{"reference":{"__symbol":15,"members":[]},"diDeps":[{"isAttribute":false,"isHost":false,"isSelf":false,"isSkipSelf":false,"isOptional":false,"token":{"identifier":{"reference":{"__symbol":8,"members":[]}}}}],"lifecycleHooks":[]}},{"provider":{"token":{"identifier":{"reference":{"__symbol":25,"members":[]}}},"useClass":null,"useFactory":null,"useExisting":{"identifier":{"reference":{"__symbol":26,"members":[]}}},"multi":false},"module":{"reference":{"__symbol":27,"members":[]},"diDeps":[{"isAttribute":false,"isHost":false,"isSelf":false,"isSkipSelf":true,"isOptional":true,"token":{"identifier":{"reference":{"__symbol":27,"members":[]}}}}],"lifecycleHooks":[]}},{"provider":{"token":{"identifier":{"reference":{"__symbol":26,"members":[]}}},"useClass":{"reference":{"__symbol":28,"members":[]},"diDeps":[{"isAttribute":false,"isHost":false,"isSelf":false,"isSkipSelf":false,"isOptional":false,"token":{"identifier":{"reference":{"__symbol":29,"members":[]}}}}],"lifecycleHooks":[]},"useFactory":null,"deps":[{"isAttribute":false,"isHost":false,"isSelf":false,"isSkipSelf":false,"isOptional":false,"token":{"identifier":{"reference":{"__symbol":29,"members":[]}}}}],"multi":false},"module":{"reference":{"__symbol":27,"members":[]},"diDeps":[{"isAttribute":false,"isHost":false,"isSelf":false,"isSkipSelf":true,"isOptional":true,"token":{"identifier":{"reference":{"__symbol":27,"members":[]}}}}],"lifecycleHooks":[]}},{"provider":{"token":{"identifier":{"reference":{"__symbol":12,"members":[]}}},"useClass":null,"useFactory":{"reference":{"__symbol":30,"members":[]},"diDeps":[]},"deps":[],"multi":false},"module":{"reference":{"__symbol":27,"members":[]},"diDeps":[{"isAttribute":false,"isHost":false,"isSelf":false,"isSkipSelf":true,"isOptional":true,"token":{"identifier":{"reference":{"__symbol":27,"members":[]}}}}],"lifecycleHooks":[]}},{"provider":{"token":{"identifier":{"reference":{"__symbol":31,"members":[]}}},"useClass":{"reference":{"__symbol":32,"members":[]},"diDeps":[{"isAttribute":false,"isHost":false,"isSelf":false,"isSkipSelf":false,"isOptional":false,"token":{"identifier":{"reference":{"__symbol":29,"members":[]}}}},{"isAttribute":false,"isHost":false,"isSelf":false,"isSkipSelf":false,"isOptional":false,"token":{"identifier":{"reference":{"__symbol":9,"members":[]}}}}],"lifecycleHooks":[]},"useFactory":null,"deps":[{"isAttribute":false,"isHost":false,"isSelf":false,"isSkipSelf":false,"isOptional":false,"token":{"identifier":{"reference":{"__symbol":29,"members":[]}}}},{"isAttribute":false,"isHost":false,"isSelf":false,"isSkipSelf":false,"isOptional":false,"token":{"identifier":{"reference":{"__symbol":9,"members":[]}}}}],"multi":true},"module":{"reference":{"__symbol":27,"members":[]},"diDeps":[{"isAttribute":false,"isHost":false,"isSelf":false,"isSkipSelf":true,"isOptional":true,"token":{"identifier":{"reference":{"__symbol":27,"members":[]}}}}],"lifecycleHooks":[]}},{"provider":{"token":{"identifier":{"reference":{"__symbol":31,"members":[]}}},"useClass":{"reference":{"__symbol":33,"members":[]},"diDeps":[{"isAttribute":false,"isHost":false,"isSelf":false,"isSkipSelf":false,"isOptional":false,"token":{"identifier":{"reference":{"__symbol":29,"members":[]}}}}],"lifecycleHooks":[]},"useFactory":null,"deps":[{"isAttribute":false,"isHost":false,"isSelf":false,"isSkipSelf":false,"isOptional":false,"token":{"identifier":{"reference":{"__symbol":29,"members":[]}}}}],"multi":true},"module":{"reference":{"__symbol":27,"members":[]},"diDeps":[{"isAttribute":false,"isHost":false,"isSelf":false,"isSkipSelf":true,"isOptional":true,"token":{"identifier":{"reference":{"__symbol":27,"members":[]}}}}],"lifecycleHooks":[]}},{"provider":{"token":{"identifier":{"reference":{"__symbol":31,"members":[]}}},"useClass":{"reference":{"__symbol":34,"members":[]},"diDeps":[{"isAttribute":false,"isHost":false,"isSelf":false,"isSkipSelf":false,"isOptional":false,"token":{"identifier":{"reference":{"__symbol":29,"members":[]}}}},{"isAttribute":false,"isHost":false,"isSelf":false,"isSkipSelf":false,"isOptional":false,"token":{"identifier":{"reference":{"__symbol":35,"members":[]}}}}],"lifecycleHooks":[]},"useFactory":null,"deps":[{"isAttribute":false,"isHost":false,"isSelf":false,"isSkipSelf":false,"isOptional":false,"token":{"identifier":{"reference":{"__symbol":29,"members":[]}}}},{"isAttribute":false,"isHost":false,"isSelf":false,"isSkipSelf":false,"isOptional":false,"token":{"identifier":{"reference":{"__symbol":35,"members":[]}}}}],"multi":true},"module":{"reference":{"__symbol":27,"members":[]},"diDeps":[{"isAttribute":false,"isHost":false,"isSelf":false,"isSkipSelf":true,"isOptional":true,"token":{"identifier":{"reference":{"__symbol":27,"members":[]}}}}],"lifecycleHooks":[]}},{"provider":{"token":{"identifier":{"reference":{"__symbol":35,"members":[]}}},"useClass":{"reference":{"__symbol":36,"members":[]},"diDeps":[],"lifecycleHooks":[]},"useFactory":null,"deps":[],"multi":false},"module":{"reference":{"__symbol":27,"members":[]},"diDeps":[{"isAttribute":false,"isHost":false,"isSelf":false,"isSkipSelf":true,"isOptional":true,"token":{"identifier":{"reference":{"__symbol":27,"members":[]}}}}],"lifecycleHooks":[]}},{"provider":{"token":{"identifier":{"reference":{"__symbol":37,"members":[]},"diDeps":[{"isAttribute":false,"isHost":false,"isSelf":false,"isSkipSelf":false,"isOptional":false,"token":{"identifier":{"reference":{"__symbol":38,"members":[]}}}},{"isAttribute":false,"isHost":false,"isSelf":false,"isSkipSelf":false,"isOptional":false,"token":{"identifier":{"reference":{"__symbol":39,"members":[]}}}}],"lifecycleHooks":[]}},"useClass":{"reference":{"__symbol":37,"members":[]},"diDeps":[{"isAttribute":false,"isHost":false,"isSelf":false,"isSkipSelf":false,"isOptional":false,"token":{"identifier":{"reference":{"__symbol":38,"members":[]}}}},{"isAttribute":false,"isHost":false,"isSelf":false,"isSkipSelf":false,"isOptional":false,"token":{"identifier":{"reference":{"__symbol":39,"members":[]}}}}],"lifecycleHooks":[]},"useFactory":null,"deps":[{"isAttribute":false,"isHost":false,"isSelf":false,"isSkipSelf":false,"isOptional":false,"token":{"identifier":{"reference":{"__symbol":38,"members":[]}}}},{"isAttribute":false,"isHost":false,"isSelf":false,"isSkipSelf":false,"isOptional":false,"token":{"identifier":{"reference":{"__symbol":39,"members":[]}}}}],"multi":false},"module":{"reference":{"__symbol":27,"members":[]},"diDeps":[{"isAttribute":false,"isHost":false,"isSelf":false,"isSkipSelf":true,"isOptional":true,"token":{"identifier":{"reference":{"__symbol":27,"members":[]}}}}],"lifecycleHooks":[]}},{"provider":{"token":{"identifier":{"reference":{"__symbol":40,"members":[]}}},"useClass":null,"useFactory":null,"useExisting":{"identifier":{"reference":{"__symbol":37,"members":[]}}},"multi":false},"module":{"reference":{"__symbol":27,"members":[]},"diDeps":[{"isAttribute":false,"isHost":false,"isSelf":false,"isSkipSelf":true,"isOptional":true,"token":{"identifier":{"reference":{"__symbol":27,"members":[]}}}}],"lifecycleHooks":[]}},{"provider":{"token":{"identifier":{"reference":{"__symbol":41,"members":[]}}},"useClass":null,"useFactory":null,"useExisting":{"identifier":{"reference":{"__symbol":39,"members":[]}}},"multi":false},"module":{"reference":{"__symbol":27,"members":[]},"diDeps":[{"isAttribute":false,"isHost":false,"isSelf":false,"isSkipSelf":true,"isOptional":true,"token":{"identifier":{"reference":{"__symbol":27,"members":[]}}}}],"lifecycleHooks":[]}},{"provider":{"token":{"identifier":{"reference":{"__symbol":39,"members":[]},"diDeps":[{"isAttribute":false,"isHost":false,"isSelf":false,"isSkipSelf":false,"isOptional":false,"token":{"identifier":{"reference":{"__symbol":29,"members":[]}}}}],"lifecycleHooks":[1]}},"useClass":{"reference":{"__symbol":39,"members":[]},"diDeps":[{"isAttribute":false,"isHost":false,"isSelf":false,"isSkipSelf":false,"isOptional":false,"token":{"identifier":{"reference":{"__symbol":29,"members":[]}}}}],"lifecycleHooks":[1]},"useFactory":null,"deps":[{"isAttribute":false,"isHost":false,"isSelf":false,"isSkipSelf":false,"isOptional":false,"token":{"identifier":{"reference":{"__symbol":29,"members":[]}}}}],"multi":false},"module":{"reference":{"__symbol":27,"members":[]},"diDeps":[{"isAttribute":false,"isHost":false,"isSelf":false,"isSkipSelf":true,"isOptional":true,"token":{"identifier":{"reference":{"__symbol":27,"members":[]}}}}],"lifecycleHooks":[]}},{"provider":{"token":{"identifier":{"reference":{"__symbol":42,"members":[]},"diDeps":[{"isAttribute":false,"isHost":false,"isSelf":false,"isSkipSelf":false,"isOptional":false,"token":{"identifier":{"reference":{"__symbol":9,"members":[]}}}}],"lifecycleHooks":[]}},"useClass":{"reference":{"__symbol":42,"members":[]},"diDeps":[{"isAttribute":false,"isHost":false,"isSelf":false,"isSkipSelf":false,"isOptional":false,"token":{"identifier":{"reference":{"__symbol":9,"members":[]}}}}],"lifecycleHooks":[]},"useFactory":null,"deps":[{"isAttribute":false,"isHost":false,"isSelf":false,"isSkipSelf":false,"isOptional":false,"token":{"identifier":{"reference":{"__symbol":9,"members":[]}}}}],"multi":false},"module":{"reference":{"__symbol":27,"members":[]},"diDeps":[{"isAttribute":false,"isHost":false,"isSelf":false,"isSkipSelf":true,"isOptional":true,"token":{"identifier":{"reference":{"__symbol":27,"members":[]}}}}],"lifecycleHooks":[]}},{"provider":{"token":{"identifier":{"reference":{"__symbol":38,"members":[]},"diDeps":[{"isAttribute":false,"isHost":false,"isSelf":false,"isSkipSelf":false,"isOptional":false,"token":{"identifier":{"reference":{"__symbol":31,"members":[]}}}},{"isAttribute":false,"isHost":false,"isSelf":false,"isSkipSelf":false,"isOptional":false,"token":{"identifier":{"reference":{"__symbol":9,"members":[]}}}}],"lifecycleHooks":[]}},"useClass":{"reference":{"__symbol":38,"members":[]},"diDeps":[{"isAttribute":false,"isHost":false,"isSelf":false,"isSkipSelf":false,"isOptional":false,"token":{"identifier":{"reference":{"__symbol":31,"members":[]}}}},{"isAttribute":false,"isHost":false,"isSelf":false,"isSkipSelf":false,"isOptional":false,"token":{"identifier":{"reference":{"__symbol":9,"members":[]}}}}],"lifecycleHooks":[]},"useFactory":null,"deps":[{"isAttribute":false,"isHost":false,"isSelf":false,"isSkipSelf":false,"isOptional":false,"token":{"identifier":{"reference":{"__symbol":31,"members":[]}}}},{"isAttribute":false,"isHost":false,"isSelf":false,"isSkipSelf":false,"isOptional":false,"token":{"identifier":{"reference":{"__symbol":9,"members":[]}}}}],"multi":false},"module":{"reference":{"__symbol":27,"members":[]},"diDeps":[{"isAttribute":false,"isHost":false,"isSelf":false,"isSkipSelf":true,"isOptional":true,"token":{"identifier":{"reference":{"__symbol":27,"members":[]}}}}],"lifecycleHooks":[]}},{"provider":{"token":{"identifier":{"reference":{"__symbol":16,"members":[]}}},"useClass":null,"useFactory":{"reference":{"__symbol":43,"members":[]},"diDeps":[{"isAttribute":false,"isHost":false,"isSelf":false,"isSkipSelf":false,"isOptional":true,"token":{"identifier":{"reference":{"__symbol":44,"members":[]}}}}]},"deps":[{"isAttribute":false,"isHost":false,"isSelf":false,"isSkipSelf":false,"isOptional":true,"token":{"identifier":{"reference":{"__symbol":44,"members":[]}}}}],"multi":true},"module":{"reference":{"__symbol":27,"members":[]},"diDeps":[{"isAttribute":false,"isHost":false,"isSelf":false,"isSkipSelf":true,"isOptional":true,"token":{"identifier":{"reference":{"__symbol":27,"members":[]}}}}],"lifecycleHooks":[]}},{"provider":{"token":{"identifier":{"reference":{"__symbol":45,"members":[]},"diDeps":[{"isAttribute":false,"isHost":false,"isSelf":false,"isSkipSelf":false,"isOptional":false,"token":{"identifier":{"reference":{"__symbol":29,"members":[]}}}}],"lifecycleHooks":[]}},"useClass":{"reference":{"__symbol":45,"members":[]},"diDeps":[{"isAttribute":false,"isHost":false,"isSelf":false,"isSkipSelf":false,"isOptional":false,"token":{"identifier":{"reference":{"__symbol":29,"members":[]}}}}],"lifecycleHooks":[]},"useFactory":null,"deps":[{"isAttribute":false,"isHost":false,"isSelf":false,"isSkipSelf":false,"isOptional":false,"token":{"identifier":{"reference":{"__symbol":29,"members":[]}}}}],"multi":false},"module":{"reference":{"__symbol":27,"members":[]},"diDeps":[{"isAttribute":false,"isHost":false,"isSelf":false,"isSkipSelf":true,"isOptional":true,"token":{"identifier":{"reference":{"__symbol":27,"members":[]}}}}],"lifecycleHooks":[]}},{"provider":{"token":{"identifier":{"reference":{"__symbol":46,"members":[]},"diDeps":[{"isAttribute":false,"isHost":false,"isSelf":false,"isSkipSelf":false,"isOptional":false,"token":{"identifier":{"reference":{"__symbol":29,"members":[]}}}}],"lifecycleHooks":[]}},"useClass":{"reference":{"__symbol":46,"members":[]},"diDeps":[{"isAttribute":false,"isHost":false,"isSelf":false,"isSkipSelf":false,"isOptional":false,"token":{"identifier":{"reference":{"__symbol":29,"members":[]}}}}],"lifecycleHooks":[]},"useFactory":null,"deps":[{"isAttribute":false,"isHost":false,"isSelf":false,"isSkipSelf":false,"isOptional":false,"token":{"identifier":{"reference":{"__symbol":29,"members":[]}}}}],"multi":false},"module":{"reference":{"__symbol":27,"members":[]},"diDeps":[{"isAttribute":false,"isHost":false,"isSelf":false,"isSkipSelf":true,"isOptional":true,"token":{"identifier":{"reference":{"__symbol":27,"members":[]}}}}],"lifecycleHooks":[]}},{"provider":{"token":{"identifier":{"reference":{"__symbol":47,"members":[]},"diDeps":[{"isAttribute":false,"isHost":false,"isSelf":false,"isSkipSelf":false,"isOptional":false,"token":{"identifier":{"reference":{"__symbol":48,"members":[]}}}},{"isAttribute":false,"isHost":false,"isSelf":false,"isSkipSelf":false,"isOptional":false,"token":{"identifier":{"reference":{"__symbol":49,"members":[]}}}}],"lifecycleHooks":[]}},"useClass":{"reference":{"__symbol":47,"members":[]},"diDeps":[{"isAttribute":false,"isHost":false,"isSelf":false,"isSkipSelf":false,"isOptional":false,"token":{"identifier":{"reference":{"__symbol":48,"members":[]}}}},{"isAttribute":false,"isHost":false,"isSelf":false,"isSkipSelf":false,"isOptional":false,"token":{"identifier":{"reference":{"__symbol":49,"members":[]}}}}],"lifecycleHooks":[]},"useFactory":null,"deps":[{"isAttribute":false,"isHost":false,"isSelf":false,"isSkipSelf":false,"isOptional":false,"token":{"identifier":{"reference":{"__symbol":48,"members":[]}}}},{"isAttribute":false,"isHost":false,"isSelf":false,"isSkipSelf":false,"isOptional":false,"token":{"identifier":{"reference":{"__symbol":49,"members":[]}}}}],"multi":false},"module":{"reference":{"__symbol":0,"members":[]},"diDeps":[],"lifecycleHooks":[]}}],"modules":[{"reference":{"__symbol":7,"members":[]},"diDeps":[],"lifecycleHooks":[]},{"reference":{"__symbol":15,"members":[]},"diDeps":[{"isAttribute":false,"isHost":false,"isSelf":false,"isSkipSelf":false,"isOptional":false,"token":{"identifier":{"reference":{"__symbol":8,"members":[]}}}}],"lifecycleHooks":[]},{"reference":{"__symbol":27,"members":[]},"diDeps":[{"isAttribute":false,"isHost":false,"isSelf":false,"isSkipSelf":true,"isOptional":true,"token":{"identifier":{"reference":{"__symbol":27,"members":[]}}}}],"lifecycleHooks":[]},{"reference":{"__symbol":50,"members":[]},"diDeps":[],"lifecycleHooks":[]},{"reference":{"__symbol":51,"members":[]},"diDeps":[],"lifecycleHooks":[]},{"reference":{"__symbol":0,"members":[]},"diDeps":[],"lifecycleHooks":[]}],"exportedDirectives":[],"exportedPipes":[]}}],"symbols":[{"__symbol":0,"name":"AppModule","filePath":"./app.module"},{"__symbol":1,"name":"AppComponent","filePath":"./app.component"},{"__symbol":2,"name":"AppComponentNgFactory","filePath":"./app.component.ngfactory"},{"__symbol":3,"name":"NgLocalization","filePath":"@angular/common/common"},{"__symbol":4,"name":"NgLocaleLocalization","filePath":"@angular/common/common"},{"__symbol":5,"name":"LOCALE_ID","filePath":"@angular/core/core"},{"__symbol":6,"name":"ɵa","filePath":"@angular/common/common"},{"__symbol":7,"name":"CommonModule","filePath":"@angular/common/common"},{"__symbol":8,"name":"ApplicationRef","filePath":"@angular/core/core"},{"__symbol":9,"name":"NgZone","filePath":"@angular/core/core"},{"__symbol":10,"name":"ɵConsole","filePath":"@angular/core/core"},{"__symbol":11,"name":"Injector","filePath":"@angular/core/core"},{"__symbol":12,"name":"ErrorHandler","filePath":"@angular/core/core"},{"__symbol":13,"name":"ComponentFactoryResolver","filePath":"@angular/core/core"},{"__symbol":14,"name":"ApplicationInitStatus","filePath":"@angular/core/core"},{"__symbol":15,"name":"ApplicationModule","filePath":"@angular/core/core"},{"__symbol":16,"name":"APP_INITIALIZER","filePath":"@angular/core/core"},{"__symbol":17,"name":"Compiler","filePath":"@angular/core/core"},{"__symbol":18,"name":"APP_ID","filePath":"@angular/core/core"},{"__symbol":19,"name":"ɵi","filePath":"@angular/core/core"},{"__symbol":20,"name":"IterableDiffers","filePath":"@angular/core/core"},{"__symbol":21,"name":"ɵn","filePath":"@angular/core/core"},{"__symbol":22,"name":"KeyValueDiffers","filePath":"@angular/core/core"},{"__symbol":23,"name":"ɵo","filePath":"@angular/core/core"},{"__symbol":24,"name":"ɵq","filePath":"@angular/core/core"},{"__symbol":25,"name":"Sanitizer","filePath":"@angular/core/core"},{"__symbol":26,"name":"DomSanitizer","filePath":"@angular/platform-browser/platform-browser"},{"__symbol":27,"name":"BrowserModule","filePath":"@angular/platform-browser/platform-browser"},{"__symbol":28,"name":"ɵe","filePath":"@angular/platform-browser/platform-browser"},{"__symbol":29,"name":"DOCUMENT","filePath":"@angular/common/common"},{"__symbol":30,"name":"ɵa","filePath":"@angular/platform-browser/platform-browser"},{"__symbol":31,"name":"EVENT_MANAGER_PLUGINS","filePath":"@angular/platform-browser/platform-browser"},{"__symbol":32,"name":"ɵDomEventsPlugin","filePath":"@angular/platform-browser/platform-browser"},{"__symbol":33,"name":"ɵKeyEventsPlugin","filePath":"@angular/platform-browser/platform-browser"},{"__symbol":34,"name":"ɵHammerGesturesPlugin","filePath":"@angular/platform-browser/platform-browser"},{"__symbol":35,"name":"HAMMER_GESTURE_CONFIG","filePath":"@angular/platform-browser/platform-browser"},{"__symbol":36,"name":"HammerGestureConfig","filePath":"@angular/platform-browser/platform-browser"},{"__symbol":37,"name":"ɵDomRendererFactory2","filePath":"@angular/platform-browser/platform-browser"},{"__symbol":38,"name":"EventManager","filePath":"@angular/platform-browser/platform-browser"},{"__symbol":39,"name":"ɵDomSharedStylesHost","filePath":"@angular/platform-browser/platform-browser"},{"__symbol":40,"name":"RendererFactory2","filePath":"@angular/core/core"},{"__symbol":41,"name":"ɵSharedStylesHost","filePath":"@angular/platform-browser/platform-browser"},{"__symbol":42,"name":"Testability","filePath":"@angular/core/core"},{"__symbol":43,"name":"ɵh","filePath":"@angular/platform-browser/platform-browser"},{"__symbol":44,"name":"NgProbeToken","filePath":"@angular/core/core"},{"__symbol":45,"name":"Meta","filePath":"@angular/platform-browser/platform-browser"},{"__symbol":46,"name":"Title","filePath":"@angular/platform-browser/platform-browser"},{"__symbol":47,"name":"DataPersistence","filePath":"@nrwl/nx/nrwl-nx"},{"__symbol":48,"name":"Store","filePath":"@ngrx/store/store"},{"__symbol":49,"name":"Actions","filePath":"@ngrx/effects/effects"},{"__symbol":50,"name":"EcaPortalModule","filePath":"./modules/eca-portal/eca-portal.module"},{"__symbol":51,"name":"NxModule","filePath":"@nrwl/nx/nrwl-nx"}]}