{"moduleName":null,"summaries":[{"symbol":{"__symbol":0,"members":[]},"metadata":{"__symbolic":"class","members":{"__ctor__":[{"__symbolic":"constructor"}],"ngOnInit":[{"__symbolic":"method"}]}},"type":{"summaryKind":1,"type":{"reference":{"__symbol":0,"members":[]},"diDeps":[],"lifecycleHooks":[0]},"isComponent":true,"selector":"app-eca-portal","exportAs":null,"inputs":{},"outputs":{},"hostListeners":{},"hostProperties":{},"hostAttributes":{},"providers":[],"viewProviders":[],"queries":[],"guards":{},"viewQueries":[],"entryComponents":[],"changeDetection":1,"template":{"ngContentSelectors":["*"],"encapsulation":0},"componentViewType":{"__symbol":1,"members":[]},"rendererType":{"__symbol":2,"members":[]},"componentFactory":{"__symbol":3,"members":[]}}}],"symbols":[{"__symbol":0,"name":"EcaPortalComponent","filePath":"./eca-portal.component"},{"__symbol":1,"name":"View_EcaPortalComponent_0","filePath":"./eca-portal.component.ngfactory"},{"__symbol":2,"name":"RenderType_EcaPortalComponent","filePath":"./eca-portal.component.ngfactory"},{"__symbol":3,"name":"EcaPortalComponentNgFactory","filePath":"./eca-portal.component.ngfactory"}]}