{"moduleName":null,"summaries":[{"symbol":{"__symbol":0,"members":[]},"metadata":{"__symbolic":"class"},"type":{"summaryKind":2,"type":{"reference":{"__symbol":0,"members":[]},"diDeps":[],"lifecycleHooks":[]},"entryComponents":[],"providers":[{"provider":{"token":{"identifier":{"reference":{"__symbol":1,"members":[]}}},"useClass":{"reference":{"__symbol":2,"members":[]},"diDeps":[{"isAttribute":false,"isHost":false,"isSelf":false,"isSkipSelf":false,"isOptional":false,"token":{"identifier":{"reference":{"__symbol":3,"members":[]}}}},{"isAttribute":false,"isHost":false,"isSelf":false,"isSkipSelf":false,"isOptional":true,"token":{"identifier":{"reference":{"__symbol":4,"members":[]}}}}],"lifecycleHooks":[]},"useFactory":null,"deps":[{"isAttribute":false,"isHost":false,"isSelf":false,"isSkipSelf":false,"isOptional":false,"token":{"identifier":{"reference":{"__symbol":3,"members":[]}}}},{"isAttribute":false,"isHost":false,"isSelf":false,"isSkipSelf":false,"isOptional":true,"token":{"identifier":{"reference":{"__symbol":4,"members":[]}}}}],"multi":false},"module":{"reference":{"__symbol":5,"members":[]},"diDeps":[],"lifecycleHooks":[]}}],"modules":[{"reference":{"__symbol":5,"members":[]},"diDeps":[],"lifecycleHooks":[]},{"reference":{"__symbol":0,"members":[]},"diDeps":[],"lifecycleHooks":[]}],"exportedDirectives":[{"reference":{"__symbol":6,"members":[]}}],"exportedPipes":[]}}],"symbols":[{"__symbol":0,"name":"EcaPortalModule","filePath":"./eca-portal.module"},{"__symbol":1,"name":"NgLocalization","filePath":"@angular/common/common"},{"__symbol":2,"name":"NgLocaleLocalization","filePath":"@angular/common/common"},{"__symbol":3,"name":"LOCALE_ID","filePath":"@angular/core/core"},{"__symbol":4,"name":"ɵa","filePath":"@angular/common/common"},{"__symbol":5,"name":"CommonModule","filePath":"@angular/common/common"},{"__symbol":6,"name":"EcaPortalComponent","filePath":"./eca-portal.component"}]}