[{"__symbolic":"module","version":4,"metadata":{"EcaPortalModule":{"__symbolic":"class","decorators":[{"__symbolic":"call","expression":{"__symbolic":"reference","module":"@angular/core","name":"NgModule","line":4,"character":1},"arguments":[{"imports":[{"__symbolic":"reference","module":"@angular/common","name":"CommonModule","line":6,"character":4}],"declarations":[{"__symbolic":"reference","module":"./eca-portal.component","name":"EcaPortalComponent","line":8,"character":17}],"exports":[{"__symbolic":"reference","module":"./eca-portal.component","name":"EcaPortalComponent","line":9,"character":12}]}]}]}}}]